,Regime_0,Regime_1,Regime_2,Moderate Growth,Recession,Expansion
1990-02-01,0.013642715687282363,0.9846666543777053,0.0016906299350105596,0.013642715687282363,0.9846666543777053,0.0016906299350105596
1990-03-01,0.004090865313600961,0.9955072929980454,0.0004018416883516823,0.004090865313600961,0.9955072929980454,0.0004018416883516823
1990-04-01,0.0009635741821399676,0.9988731419221952,0.00016328389566284358,0.0009635741821399676,0.9988731419221952,0.00016328389566284358
1990-05-01,0.0009685034107752693,0.9989008706085222,0.00013062598070062316,0.0009685034107752693,0.9989008706085222,0.00013062598070062316
1990-06-01,0.0006450739498687988,0.9992093550027346,0.00014557104739472084,0.0006450739498687988,0.9992093550027346,0.00014557104739472084
1990-07-01,9.867774274690275e-09,0.9995628969334929,0.0004370931987308894,9.867774274690275e-09,0.9995628969334929,0.0004370931987308894
1990-08-01,1.3469261196439487e-09,0.9983113173177935,0.0016886813352783084,1.3469261196439487e-09,0.9983113173177935,0.0016886813352783084
1990-09-01,1.436862736301211e-09,0.9898727423881218,0.010127256175013304,1.436862736301211e-09,0.9898727423881218,0.010127256175013304
1990-10-01,2.8300167357951917e-43,0.9388866101682837,0.06111338983171409,2.8300167357951917e-43,0.9388866101682837,0.06111338983171409
1990-11-01,4.873011865059407e-43,0.922443870055796,0.07755612994420187,4.873011865059407e-43,0.922443870055796,0.07755612994420187
1990-12-01,5.617924555876768e-44,0.9270724839248222,0.07292751607517559,5.617924555876768e-44,0.9270724839248222,0.07292751607517559
1991-01-01,2.7857456361250197e-26,0.9572181929210224,0.04278180707897562,2.7857456361250197e-26,0.9572181929210224,0.04278180707897562
1991-02-01,3.982315689802643e-26,0.9773186430833236,0.022681356916674413,3.982315689802643e-26,0.9773186430833236,0.022681356916674413
1991-03-01,3.373109748576075e-25,0.9931499698543983,0.006850030145599619,3.373109748576075e-25,0.9931499698543983,0.006850030145599619
1991-04-01,0.5068756141173101,0.49235920795450533,0.0007651779281824184,0.5068756141173101,0.49235920795450533,0.0007651779281824184
1991-05-01,0.6004208035601248,0.3994126245011356,0.00016657193873726965,0.6004208035601248,0.3994126245011356,0.00016657193873726965
1991-06-01,0.5036571472582068,0.49614043751740544,0.0002024152243853681,0.5036571472582068,0.49614043751740544,0.0002024152243853681
1991-07-01,0.024587603729492574,0.9748358371697321,0.0005765591007729693,0.024587603729492574,0.9748358371697321,0.0005765591007729693
1991-08-01,0.0014911773603707747,0.9983235541200605,0.00018526851956643357,0.0014911773603707747,0.9983235541200605,0.00018526851956643357
1991-09-01,0.0007634743029667643,0.9991224203777359,0.00011410531929465673,0.0007634743029667643,0.9991224203777359,0.00011410531929465673
1991-10-01,8.735187242871226e-06,0.9998794512335204,0.00011181357923392959,8.735187242871226e-06,0.9998794512335204,0.00011181357923392959
1991-11-01,4.252598869359793e-06,0.9998892299152258,0.00010651748590201536,4.252598869359793e-06,0.9998892299152258,0.00010651748590201536
1991-12-01,4.9855239302564995e-06,0.9998801743937233,0.00011484008234341916,4.9855239302564995e-06,0.9998801743937233,0.00011484008234341916
1992-01-01,0.023833405620771565,0.9759845635206992,0.0001820308585266127,0.023833405620771565,0.9759845635206992,0.0001820308585266127
1992-02-01,0.09587219716849596,0.9039665852117706,0.00016121761973061208,0.09587219716849596,0.9039665852117706,0.00016121761973061208
1992-03-01,0.283878886201435,0.7160496727406933,7.144105786904324e-05,0.283878886201435,0.7160496727406933,7.144105786904324e-05
1992-04-01,0.7069361899929941,0.29304452672177284,1.9283285230366268e-05,0.7069361899929941,0.29304452672177284,1.9283285230366268e-05
1992-05-01,0.8945977326196942,0.10539471265969667,7.554720606869275e-06,0.8945977326196942,0.10539471265969667,7.554720606869275e-06
1992-06-01,0.9651514721822804,0.03484526710709756,3.260710619984077e-06,0.9651514721822804,0.03484526710709756,3.260710619984077e-06
1992-07-01,0.9880476579311102,0.01195047053663156,1.8715322559229858e-06,0.9880476579311102,0.01195047053663156,1.8715322559229858e-06
1992-08-01,0.9910903527363499,0.008906925420378336,2.72184326943389e-06,0.9910903527363499,0.008906925420378336,2.72184326943389e-06
1992-09-01,0.9883642743762433,0.011628368996960506,7.356626793896097e-06,0.9883642743762433,0.011628368996960506,7.356626793896097e-06
1992-10-01,0.9707876388510716,0.029181240304373527,3.112084455240611e-05,0.9707876388510716,0.029181240304373527,3.112084455240611e-05
1992-11-01,0.9132668295041757,0.08662552314337492,0.00010764735244695012,0.9132668295041757,0.08662552314337492,0.00010764735244695012
1992-12-01,0.7027869095459502,0.29684880320132184,0.0003642872527253446,0.7027869095459502,0.29684880320132184,0.0003642872527253446
1993-01-01,3.706683572234744e-08,0.9990077751988613,0.0009921877343005239,3.706683572234744e-08,0.9990077751988613,0.0009921877343005239
1993-02-01,4.15817922794693e-09,0.9997265763294301,0.0002734195123881328,4.15817922794693e-09,0.9997265763294301,0.0002734195123881328
1993-03-01,8.625822275766886e-09,0.999845485861192,0.0001545055129832353,8.625822275766886e-09,0.999845485861192,0.0001545055129832353
1993-04-01,0.0030309594648653725,0.9968628981793729,0.00010614235575909544,0.0030309594648653725,0.9968628981793729,0.00010614235575909544
1993-05-01,0.0038698466642424333,0.9960273760568181,0.00010277727893686057,0.0038698466642424333,0.9960273760568181,0.00010277727893686057
1993-06-01,0.005248575644060554,0.9946477393766172,0.00010368497931969412,0.005248575644060554,0.9946477393766172,0.00010368497931969412
1993-07-01,0.0006125028606377645,0.9992789076359111,0.0001085895034485398,0.0006125028606377645,0.9992789076359111,0.0001085895034485398
1993-08-01,0.0005707431991322749,0.9993208425340653,0.00010841426679987737,0.0005707431991322749,0.9993208425340653,0.00010841426679987737
1993-09-01,0.0007671712686559566,0.9990946399309607,0.00013818880038098087,0.0007671712686559566,0.9990946399309607,0.00013818880038098087
1993-10-01,3.940360531748731e-05,0.9996003357088528,0.00036026068582734245,3.940360531748731e-05,0.9996003357088528,0.00036026068582734245
1993-11-01,1.4922691582882183e-05,0.9996293994493288,0.0003556778590857244,1.4922691582882183e-05,0.9996293994493288,0.0003556778590857244
1993-12-01,0.0001610009382303429,0.9996372581385136,0.00020174092325350875,0.0001610009382303429,0.9996372581385136,0.00020174092325350875
1994-01-01,0.39143805489806205,0.6084855892225544,7.635587938113444e-05,0.39143805489806205,0.6084855892225544,7.635587938113444e-05
1994-02-01,0.4949831853151828,0.5049149507643595,0.00010186392045500251,0.4949831853151828,0.5049149507643595,0.00010186392045500251
1994-03-01,0.4047262607397052,0.5949987230036631,0.00027501625662892915,0.4047262607397052,0.5949987230036631,0.00027501625662892915
1994-04-01,0.00020118201385182163,0.9984266707808085,0.0013721472053368816,0.00020118201385182163,0.9984266707808085,0.0013721472053368816
1994-05-01,6.252023856634502e-06,0.9993799333081567,0.0006138146679838484,6.252023856634502e-06,0.9993799333081567,0.0006138146679838484
1994-06-01,2.1910430805045116e-05,0.9996367546592143,0.00034133490997783364,2.1910430805045116e-05,0.9996367546592143,0.00034133490997783364
1994-07-01,0.046126881385340344,0.9537531606919463,0.0001199579227105336,0.046126881385340344,0.9537531606919463,0.0001199579227105336
1994-08-01,0.0665716512277037,0.9333207774749769,0.00010757129731664952,0.0665716512277037,0.9333207774749769,0.00010757129731664952
1994-09-01,0.06004060871332098,0.939825521872474,0.00013386941420226916,0.06004060871332098,0.939825521872474,0.00013386941420226916
1994-10-01,0.0028641054315659137,0.9968885375808495,0.00024735698758210123,0.0028641054315659137,0.9968885375808495,0.00024735698758210123
1994-11-01,0.0008510640095974006,0.9989616316707982,0.00018730431960214814,0.0008510640095974006,0.9989616316707982,0.00018730431960214814
1994-12-01,0.0005486633426779499,0.9992880243758083,0.00016331228151153645,0.0005486633426779499,0.9992880243758083,0.00016331228151153645
1995-01-01,0.0002601090485781222,0.9996153315058474,0.00012455944557223373,0.0002601090485781222,0.9996153315058474,0.00012455944557223373
1995-02-01,0.0004079444346554475,0.9994722021917061,0.00011985337363599075,0.0004079444346554475,0.9994722021917061,0.00011985337363599075
1995-03-01,0.00045619393627586204,0.9994228057780944,0.00012100028562728518,0.00045619393627586204,0.9994228057780944,0.00012100028562728518
1995-04-01,2.635650657267639e-05,0.9998567645986759,0.00011687889474893201,2.635650657267639e-05,0.9998567645986759,0.00011687889474893201
1995-05-01,7.378358728666366e-05,0.9998138799670137,0.00011233644569696573,7.378358728666366e-05,0.9998138799670137,0.00011233644569696573
1995-06-01,0.0020629789293427426,0.9979018775985405,3.5143472114077994e-05,0.0020629789293427426,0.9979018775985405,3.5143472114077994e-05
1995-07-01,0.6893273041924766,0.3106630087560436,9.687051477449513e-06,0.6893273041924766,0.3106630087560436,9.687051477449513e-06
1995-08-01,0.8964924864501415,0.10350203130919516,5.48224066091739e-06,0.8964924864501415,0.10350203130919516,5.48224066091739e-06
1995-09-01,0.9558884375297422,0.04410707747278139,4.4849974738840795e-06,0.9558884375297422,0.04410707747278139,4.4849974738840795e-06
1995-10-01,0.9748715614438124,0.02512450450388557,3.934052299420751e-06,0.9748715614438124,0.02512450450388557,3.934052299420751e-06
1995-11-01,0.980245581815099,0.019750013435154357,4.404749743949036e-06,0.980245581815099,0.019750013435154357,4.404749743949036e-06
1995-12-01,0.9799460638373073,0.02004775383652753,6.182326162815647e-06,0.9799460638373073,0.02004775383652753,6.182326162815647e-06
1996-01-01,0.9735172979798923,0.026469331030903643,1.3370989201518238e-05,0.9735172979798923,0.026469331030903643,1.3370989201518238e-05
1996-02-01,0.9331111877600862,0.06683337294420322,5.543929570813342e-05,0.9331111877600862,0.06683337294420322,5.543929570813342e-05
1996-03-01,0.7555982643253591,0.24400126725301943,0.00040046842161878184,0.7555982643253591,0.24400126725301943,0.00040046842161878184
1996-04-01,1.4488907101026926e-11,0.9927842817938528,0.007215718191656008,1.4488907101026926e-11,0.9927842817938528,0.007215718191656008
1996-05-01,1.9137038543596507e-13,0.9959698186194176,0.0040301813803885955,1.9137038543596507e-13,0.9959698186194176,0.0040301813803885955
1996-06-01,5.092713793880656e-13,0.9983937368699687,0.0016062631295197369,5.092713793880656e-13,0.9983937368699687,0.0016062631295197369
1996-07-01,0.27231689982374313,0.7274294763022733,0.0002536238739813905,0.27231689982374313,0.7274294763022733,0.0002536238739813905
1996-08-01,0.3363635969400802,0.6635151644961457,0.00012123856377193668,0.3363635969400802,0.6635151644961457,0.00012123856377193668
1996-09-01,0.3114560054293089,0.688389969214913,0.0001540253557759956,0.3114560054293089,0.688389969214913,0.0001540253557759956
1996-10-01,0.1430837989847922,0.8566108825765688,0.0003053184386368552,0.1430837989847922,0.8566108825765688,0.0003053184386368552
1996-11-01,0.13601556019658867,0.8638201653266794,0.0001642744767298868,0.13601556019658867,0.8638201653266794,0.0001642744767298868
1996-12-01,0.21950400798930525,0.7804206403267403,7.535168395228054e-05,0.21950400798930525,0.7804206403267403,7.535168395228054e-05
1997-01-01,0.537780789997626,0.46217528781193445,4.392219043723532e-05,0.537780789997626,0.46217528781193445,4.392219043723532e-05
1997-02-01,0.6008577081815463,0.3990630206146554,7.927120379581895e-05,0.6008577081815463,0.3990630206146554,7.927120379581895e-05
1997-03-01,0.48911930160801964,0.5105544822927522,0.0003262160992254439,0.48911930160801964,0.5105544822927522,0.0003262160992254439
1997-04-01,1.7290147479140197e-13,0.9961762844940159,0.0038237155058086576,1.7290147479140197e-13,0.9961762844940159,0.0038237155058086576
1997-05-01,2.019270472850088e-15,0.9977453425189939,0.002254657481001434,2.019270472850088e-15,0.9977453425189939,0.002254657481001434
1997-06-01,8.05688115977184e-15,0.9986740806380857,0.00132591936190376,8.05688115977184e-15,0.9986740806380857,0.00132591936190376
1997-07-01,4.128041938801925e-06,0.9995811928444338,0.0004146791136247378,4.128041938801925e-06,0.9995811928444338,0.0004146791136247378
1997-08-01,4.1756588657408e-06,0.9997707914955422,0.00022503284558933218,4.1756588657408e-06,0.9997707914955422,0.00022503284558933218
1997-09-01,3.556322935675662e-05,0.999805704936889,0.000158731833751552,3.556322935675662e-05,0.999805704936889,0.000158731833751552
1997-10-01,0.12387760002868119,0.8760308318598868,9.156811142926794e-05,0.12387760002868119,0.8760308318598868,9.156811142926794e-05
1997-11-01,0.15655196230716542,0.843336852396999,0.00011118529583292637,0.15655196230716542,0.843336852396999,0.00011118529583292637
1997-12-01,0.12460307951140556,0.8752427509347608,0.00015416955383084396,0.12460307951140556,0.8752427509347608,0.00015416955383084396
1998-01-01,0.015670388203915316,0.9840910484577549,0.0002385633383266812,0.015670388203915316,0.9840910484577549,0.0002385633383266812
1998-02-01,0.0037901406262312027,0.9960633908560171,0.00014646851774846513,0.0037901406262312027,0.9960633908560171,0.00014646851774846513
1998-03-01,0.004018974209202568,0.9958606553212092,0.00012037046958523416,0.004018974209202568,0.9958606553212092,0.00012037046958523416
1998-04-01,0.011248396695903533,0.988643930525395,0.00010767277869817304,0.011248396695903533,0.988643930525395,0.00010767277869817304
1998-05-01,0.016117207942307542,0.9837714523786454,0.00011133967904370696,0.016117207942307542,0.9837714523786454,0.00011133967904370696
1998-06-01,0.013326587259385226,0.9865468941918452,0.00012651854876639314,0.013326587259385226,0.9865468941918452,0.00012651854876639314
1998-07-01,2.513453070095136e-06,0.9998079251105263,0.00018956143639999251,2.513453070095136e-06,0.9998079251105263,0.00018956143639999251
1998-08-01,1.1543941723655169e-06,0.999809780671918,0.00018906493390639362,1.1543941723655169e-06,0.999809780671918,0.00018906493390639362
1998-09-01,1.3583672331621882e-06,0.9997577374855928,0.0002409041471707916,1.3583672331621882e-06,0.9997577374855928,0.0002409041471707916
1998-10-01,1.560101968237231e-14,0.9994830127651341,0.0005169872348471064,1.560101968237231e-14,0.9994830127651341,0.0005169872348471064
1998-11-01,5.336327503234195e-15,0.9994407297446375,0.0005592702553542084,5.336327503234195e-15,0.9994407297446375,0.0005592702553542084
1998-12-01,1.0494368922371618e-14,0.9995353024252167,0.00046469757476987484,1.0494368922371618e-14,0.9995353024252167,0.00046469757476987484
1999-01-01,0.011866709216281099,0.9879843320843394,0.00014895869937661395,0.011866709216281099,0.9879843320843394,0.00014895869937661395
1999-02-01,0.02051261451193496,0.9793765899094037,0.00011079557865841697,0.02051261451193496,0.9793765899094037,0.00011079557865841697
1999-03-01,0.04477650174463839,0.9551302514766717,9.324677868703625e-05,0.04477650174463839,0.9551302514766717,9.324677868703625e-05
1999-04-01,0.16272116511365484,0.8372025143669133,7.632051942932823e-05,0.16272116511365484,0.8372025143669133,7.632051942932823e-05
1999-05-01,0.15990197018573138,0.839971520348533,0.0001265094657331671,0.15990197018573138,0.839971520348533,0.0001265094657331671
1999-06-01,0.10988333373409832,0.8899340515035573,0.00018261476234196315,0.10988333373409832,0.8899340515035573,0.00018261476234196315
1999-07-01,3.8050591558616037e-07,0.9995965915234541,0.0004030279706275417,3.8050591558616037e-07,0.9995965915234541,0.0004030279706275417
1999-08-01,2.6528147142789917e-08,0.9997386301231403,0.0002613433487097026,2.6528147142789917e-08,0.9997386301231403,0.0002613433487097026
1999-09-01,4.607140923553664e-08,0.9997157565795076,0.0002841973490804051,4.607140923553664e-08,0.9997157565795076,0.0002841973490804051
1999-10-01,2.7119347876070365e-16,0.99947300347221,0.0005269965277869273,2.7119347876070365e-16,0.99947300347221,0.0005269965277869273
1999-11-01,2.7048891167314655e-16,0.9994206131712456,0.0005793868287510687,2.7048891167314655e-16,0.9994206131712456,0.0005793868287510687
1999-12-01,3.1145397099089207e-16,0.9995185007701789,0.00048149922981773985,3.1145397099089207e-16,0.9995185007701789,0.00048149922981773985
2000-01-01,0.012638323608982278,0.9871850475540098,0.00017662883700498742,0.012638323608982278,0.9871850475540098,0.00017662883700498742
2000-02-01,0.0119723126715607,0.9878766329330314,0.00015105439540462188,0.0119723126715607,0.9878766329330314,0.00015105439540462188
2000-03-01,0.008883240109314131,0.9908506307068234,0.00026612918385929355,0.008883240109314131,0.9908506307068234,0.00026612918385929355
2000-04-01,7.924787092340203e-24,0.9987422906344028,0.0012577093655938248,7.924787092340203e-24,0.9987422906344028,0.0012577093655938248
2000-05-01,8.389774692182442e-23,0.9983027377611332,0.0016972622388634912,8.389774692182442e-23,0.9983027377611332,0.0016972622388634912
2000-06-01,7.960540455080184e-22,0.99847239179707,0.0015276082029265455,7.960540455080184e-22,0.99847239179707,0.0015276082029265455
2000-07-01,7.673597138862175e-06,0.9994683427750721,0.000523983627785744,7.673597138862175e-06,0.9994683427750721,0.000523983627785744
2000-08-01,1.1910689136661652e-05,0.9997023314634852,0.0002857578473750142,1.1910689136661652e-05,0.9997023314634852,0.0002857578473750142
2000-09-01,0.00014742400365750334,0.9997724893868671,8.008660947225276e-05,0.00014742400365750334,0.9997724893868671,8.008660947225276e-05
2000-10-01,0.5753499422791583,0.42461635378654805,3.370393429045099e-05,0.5753499422791583,0.42461635378654805,3.370393429045099e-05
2000-11-01,0.6787016840137556,0.321238023710254,6.029227598717391e-05,0.6787016840137556,0.321238023710254,6.029227598717391e-05
2000-12-01,0.5742780039134197,0.4254220499585348,0.0002999461280423617,0.5742780039134197,0.4254220499585348,0.0002999461280423617
2001-01-01,2.4318297049068282e-14,0.9955163363057341,0.004483663694238806,2.4318297049068282e-14,0.9955163363057341,0.004483663694238806
2001-02-01,4.633288225047311e-15,0.997234007608119,0.002765992391873734,4.633288225047311e-15,0.997234007608119,0.002765992391873734
2001-03-01,1.3603070918872092e-13,0.9989714029774955,0.0010285970223657987,1.3603070918872092e-13,0.9989714029774955,0.0010285970223657987
2001-04-01,0.5226171717670395,0.47724942753461597,0.00013340069834183563,0.5226171717670395,0.47724942753461597,0.00013340069834183563
2001-05-01,0.6189176620900577,0.38099670263383856,8.563527610080756e-05,0.6189176620900577,0.38099670263383856,8.563527610080756e-05
2001-06-01,0.5183999236841312,0.4810398600108256,0.0005602163050403739,0.5183999236841312,0.4810398600108256,0.0005602163050403739
2001-07-01,5.485860112492658e-16,0.9891442942258191,0.0108557057741775,5.485860112492658e-16,0.9891442942258191,0.0108557057741775
2001-08-01,1.6837270116165508e-18,0.9923798594383347,0.007620140561662516,1.6837270116165508e-18,0.9923798594383347,0.007620140561662516
2001-09-01,1.2130282891358044e-19,0.9961253304969513,0.0038746695030457586,1.2130282891358044e-19,0.9961253304969513,0.0038746695030457586
2001-10-01,0.00018858286702280866,0.998999055780285,0.0008123613526891912,0.00018858286702280866,0.998999055780285,0.0008123613526891912
2001-11-01,7.540870883275797e-05,0.9996928456945325,0.00023174559663182413,7.540870883275797e-05,0.9996928456945325,0.00023174559663182413
2001-12-01,0.0012655950157951827,0.9986887073747046,4.569760949734957e-05,0.0012655950157951827,0.9986887073747046,4.569760949734957e-05
2002-01-01,0.6845038136750833,0.31548198060318255,1.4205721731260156e-05,0.6845038136750833,0.31548198060318255,1.4205721731260156e-05
2002-02-01,0.8573549024929062,0.14262880664599023,1.6290861100712184e-05,0.8573549024929062,0.14262880664599023,1.6290861100712184e-05
2002-03-01,0.8773258098042314,0.12263514757267692,3.904262308892565e-05,0.8773258098042314,0.12263514757267692,3.904262308892565e-05
2002-04-01,0.7799095215923469,0.21997667130964124,0.00011380709800892127,0.7799095215923469,0.21997667130964124,0.00011380709800892127
2002-05-01,0.6706641083194708,0.32917320074016304,0.00016269094036322848,0.6706641083194708,0.32917320074016304,0.00016269094036322848
2002-06-01,0.45283813389887795,0.5468673601548276,0.000294505946291624,0.45283813389887795,0.5468673601548276,0.000294505946291624
2002-07-01,0.013177134441773194,0.9862273703468571,0.0005954952113670078,0.013177134441773194,0.9862273703468571,0.0005954952113670078
2002-08-01,0.0011617973572287652,0.9986451791480603,0.00019302349470824275,0.0011617973572287652,0.9986451791480603,0.00019302349470824275
2002-09-01,0.0009199906606331731,0.9989461039428144,0.00013390539654976313,0.0009199906606331731,0.9989461039428144,0.00013390539654976313
2002-10-01,8.665286750272222e-08,0.9998327251153282,0.0001671882318016357,8.665286750272222e-08,0.9998327251153282,0.0001671882318016357
2002-11-01,4.76015755088063e-08,0.9998304015348352,0.00016955086358623228,4.76015755088063e-08,0.9998304015348352,0.00016955086358623228
2002-12-01,5.6469390554931504e-08,0.999844602564759,0.0001553409658472608,5.6469390554931504e-08,0.999844602564759,0.0001553409658472608
2003-01-01,0.016749399004111463,0.9831541051526589,9.649584322636124e-05,0.016749399004111463,0.9831541051526589,9.649584322636124e-05
2003-02-01,0.042444953463909384,0.9574748969889607,8.01495471265702e-05,0.042444953463909384,0.9574748969889607,8.01495471265702e-05
2003-03-01,0.1586066124640029,0.841337937504983,5.5450031010820166e-05,0.1586066124640029,0.841337937504983,5.5450031010820166e-05
2003-04-01,0.4710002745200623,0.5289532505457745,4.647493415963495e-05,0.4710002745200623,0.5289532505457745,4.647493415963495e-05
2003-05-01,0.5598841895720963,0.44002468369818876,9.112672971146463e-05,0.5598841895720963,0.44002468369818876,9.112672971146463e-05
2003-06-01,0.4785169957025874,0.5210209572943993,0.00046204700300971643,0.4785169957025874,0.5210209572943993,0.00046204700300971643
2003-07-01,1.435991191089416e-10,0.9929791480268271,0.007020851829570201,1.435991191089416e-10,0.9929791480268271,0.007020851829570201
2003-08-01,6.390726591900963e-12,0.994971054675118,0.005028945318487531,6.390726591900963e-12,0.994971054675118,0.005028945318487531
2003-09-01,4.238903311130647e-12,0.997084156378856,0.002915843616901737,4.238903311130647e-12,0.997084156378856,0.002915843616901737
2003-10-01,0.0009375350464568688,0.9983978925813232,0.0006645723722166022,0.0009375350464568688,0.9983978925813232,0.0006645723722166022
2003-11-01,0.001125612989187872,0.9986265925682342,0.00024779444257432936,0.001125612989187872,0.9986265925682342,0.00024779444257432936
2003-12-01,0.009470364067236472,0.99039624326303,0.00013339266972989836,0.009470364067236472,0.99039624326303,0.00013339266972989836
2004-01-01,0.21594053183147463,0.7840051141642711,5.4354004250714386e-05,0.21594053183147463,0.7840051141642711,5.4354004250714386e-05
2004-02-01,0.44927456740920446,0.550689574740509,3.5857850282891106e-05,0.44927456740920446,0.550689574740509,3.5857850282891106e-05
2004-03-01,0.6508310131583512,0.34915645911167625,1.2527729968781709e-05,0.6508310131583512,0.34915645911167625,1.2527729968781709e-05
2004-04-01,0.8993395321907074,0.10065492206636009,5.545742928751789e-06,0.8993395321907074,0.10065492206636009,5.545742928751789e-06
2004-05-01,0.9514369996627603,0.04855361198962412,9.388347611879596e-06,0.9514369996627603,0.04855361198962412,9.388347611879596e-06
2004-06-01,0.9394948423084355,0.06047395952805107,3.119816350951171e-05,0.9394948423084355,0.06047395952805107,3.119816350951171e-05
2004-07-01,0.8328125201450632,0.16705885942323762,0.00012862043169520757,0.8328125201450632,0.16705885942323762,0.00012862043169520757
2004-08-01,0.7062735679052714,0.29354242754731724,0.00018400454740744387,0.7062735679052714,0.29354242754731724,0.00018400454740744387
2004-09-01,0.5693484929466603,0.43041858360218654,0.00023292345114911392,0.5693484929466603,0.43041858360218654,0.00023292345114911392
2004-10-01,0.34649125514445617,0.653134968813188,0.00037377604235196106,0.34649125514445617,0.653134968813188,0.00037377604235196106
2004-11-01,0.17250813313607444,0.8271336197485408,0.0003582471153808825,0.17250813313607444,0.8271336197485408,0.0003582471153808825
2004-12-01,0.053121149793184295,0.9465786174467211,0.0003002327600907155,0.053121149793184295,0.9465786174467211,0.0003002327600907155
2005-01-01,0.002659318630027323,0.9971111409392995,0.0002295404306693836,0.002659318630027323,0.9971111409392995,0.0002295404306693836
2005-02-01,0.003094543457001234,0.9967462095521986,0.00015924699079625107,0.003094543457001234,0.9967462095521986,0.00015924699079625107
2005-03-01,0.009540935123129732,0.9903406871452511,0.00011837773161530098,0.009540935123129732,0.9903406871452511,0.00011837773161530098
2005-04-01,0.14793107565430014,0.8520058152591745,6.310908652158401e-05,0.14793107565430014,0.8520058152591745,6.310908652158401e-05
2005-05-01,0.37793659436284793,0.6220219587093576,4.144692779054527e-05,0.37793659436284793,0.6220219587093576,4.144692779054527e-05
2005-06-01,0.6184894246592093,0.3814967130670065,1.3862273780423002e-05,0.6184894246592093,0.3814967130670065,1.3862273780423002e-05
2005-07-01,0.8884119522796224,0.11158308146559603,4.966254777695954e-06,0.8884119522796224,0.11158308146559603,4.966254777695954e-06
2005-08-01,0.9511556631264703,0.048837800794879205,6.536078646823054e-06,0.9511556631264703,0.048837800794879205,6.536078646823054e-06
2005-09-01,0.9534157705180968,0.04657083760151397,1.3391880385577856e-05,0.9534157705180968,0.04657083760151397,1.3391880385577856e-05
2005-10-01,0.8846341737624441,0.11528906952388673,7.675671366565299e-05,0.8846341737624441,0.11528906952388673,7.675671366565299e-05
2005-11-01,0.7926829506925691,0.20718005197887482,0.00013699732855269384,0.7926829506925691,0.20718005197887482,0.00013699732855269384
2005-12-01,0.5334044847372663,0.46621500217274814,0.00038051308998225073,0.5334044847372663,0.46621500217274814,0.00038051308998225073
2006-01-01,4.13411366057084e-06,0.9986289331609185,0.0013669327254176773,4.13411366057084e-06,0.9986289331609185,0.0013669327254176773
2006-02-01,4.694554578678425e-08,0.9995082019512411,0.0004917511032097713,4.694554578678425e-08,0.9995082019512411,0.0004917511032097713
2006-03-01,4.4204515748047815e-08,0.9997283239632597,0.0002716318322210818,4.4204515748047815e-08,0.9997283239632597,0.0002716318322210818
2006-04-01,8.171326395661257e-05,0.9997670852017223,0.00015120153431795935,8.171326395661257e-05,0.9997670852017223,0.00015120153431795935
2006-05-01,0.00016184602682172864,0.999691326607699,0.00014682736547591996,0.00016184602682172864,0.999691326607699,0.00014682736547591996
2006-06-01,0.00017889335665791298,0.9996716373593743,0.00014946928396431292,0.00017889335665791298,0.9996716373593743,0.00014946928396431292
2006-07-01,2.670669806849462e-06,0.9998464832861957,0.00015084604399395236,2.670669806849462e-06,0.9998464832861957,0.00015084604399395236
2006-08-01,3.4798788932192654e-06,0.9998312926359764,0.00016522748512690094,3.4798788932192654e-06,0.9998312926359764,0.00016522748512690094
2006-09-01,0.0001889199724964079,0.9996114112594059,0.0001996687680939256,0.0001889199724964079,0.9996114112594059,0.0001996687680939256
2006-10-01,0.04914745752465012,0.9507524119282904,0.00010013054705563184,0.04914745752465012,0.9507524119282904,0.00010013054705563184
2006-11-01,0.0939306830408085,0.9059674918236963,0.0001018251354911019,0.0939306830408085,0.9059674918236963,0.0001018251354911019
2006-12-01,0.08956669640709729,0.9103092062086,0.0001240973842985436,0.08956669640709729,0.9103092062086,0.0001240973842985436
2007-01-01,0.0038424295936779437,0.9959163915835128,0.00024117882280531996,0.0038424295936779437,0.9959163915835128,0.00024117882280531996
2007-02-01,0.0013809718883423473,0.9984901951731066,0.00012883293854718862,0.0013809718883423473,0.9984901951731066,0.00012883293854718862
2007-03-01,0.020410596337549033,0.9795599471366976,2.945652574969975e-05,0.020410596337549033,0.9795599471366976,2.945652574969975e-05
2007-04-01,0.7271841470524124,0.27280876106123414,7.0918863497942e-06,0.7271841470524124,0.27280876106123414,7.0918863497942e-06
2007-05-01,0.9152622208093874,0.08473378155337478,3.9976372340163476e-06,0.9152622208093874,0.08473378155337478,3.9976372340163476e-06
2007-06-01,0.9636301439094856,0.03636519832515637,4.65776535427072e-06,0.9636301439094856,0.03636519832515637,4.65776535427072e-06
2007-07-01,0.9711365297697044,0.028856832238831502,6.63799146021609e-06,0.9711365297697044,0.028856832238831502,6.63799146021609e-06
2007-08-01,0.9727013532465603,0.027289301856708595,9.34489672746734e-06,0.9727013532465603,0.027289301856708595,9.34489672746734e-06
2007-09-01,0.9613744121739285,0.03861016015798777,1.5427668080157764e-05,0.9613744121739285,0.03861016015798777,1.5427668080157764e-05
2007-10-01,0.9445354678759921,0.05543507067673778,2.9461447266437904e-05,0.9445354678759921,0.05543507067673778,2.9461447266437904e-05
2007-11-01,0.8662555846866625,0.1336533648792608,9.105043407309446e-05,0.8662555846866625,0.1336533648792608,9.105043407309446e-05
2007-12-01,0.6505261857806892,0.34884884217965256,0.0006249720396545458,0.6505261857806892,0.34884884217965256,0.0006249720396545458
2008-01-01,7.283148058018884e-19,0.9906755482594516,0.009324451740544921,7.283148058018884e-19,0.9906755482594516,0.009324451740544921
2008-02-01,8.197137506267565e-20,0.9934321029425147,0.00656789705748183,8.197137506267565e-20,0.9934321029425147,0.00656789705748183
2008-03-01,1.2639244475931261e-19,0.9964031826967302,0.0035968173032663534,1.2639244475931261e-19,0.9964031826967302,0.0035968173032663534
2008-04-01,0.21458799186133784,0.78388185051352,0.0015301576251388574,0.21458799186133784,0.78388185051352,0.0015301576251388574
2008-05-01,0.2461075078047368,0.7501372833221729,0.0037552088730869945,0.2461075078047368,0.7501372833221729,0.0037552088730869945
2008-06-01,0.19596674183691296,0.7711353284603587,0.03289792970272523,0.19596674183691296,0.7711353284603587,0.03289792970272523
2008-07-01,6.084812938711938e-26,0.6747836531634865,0.32521634683651,6.084812938711938e-26,0.6747836531634865,0.32521634683651
2008-08-01,2.429894758524695e-25,0.432632935192801,0.567367064807196,2.429894758524695e-25,0.432632935192801,0.567367064807196
2008-09-01,5.546710037235766e-26,0.21759854958765432,0.7824014504123432,5.546710037235766e-26,0.21759854958765432,0.7824014504123432
2008-10-01,6.902726076581807e-122,8.480107168936631e-06,0.9999915198928291,6.902726076581807e-122,8.480107168936631e-06,0.9999915198928291
2008-11-01,2.3515892936366776e-123,1.454204666788982e-08,0.9999999854579512,2.3515892936366776e-123,1.454204666788982e-08,0.9999999854579512
2008-12-01,1.0184155786921711e-133,2.501030819011945e-07,0.999999749896916,1.0184155786921711e-133,2.501030819011945e-07,0.999999749896916
2009-01-01,2.5426388528568557e-68,0.003222881433247146,0.9967771185667508,2.5426388528568557e-68,0.003222881433247146,0.9967771185667508
2009-02-01,1.195532074202097e-67,0.023918169569722453,0.9760818304302756,1.195532074202097e-67,0.023918169569722453,0.9760818304302756
2009-03-01,6.864863657067437e-67,0.13096749460795848,0.8690325053920396,6.864863657067437e-67,0.13096749460795848,0.8690325053920396
2009-04-01,1.278114642501428e-23,0.8051236156656532,0.19487638433434498,1.278114642501428e-23,0.8051236156656532,0.19487638433434498
2009-05-01,4.271151961587699e-24,0.959805893046938,0.04019410695306021,4.271151961587699e-24,0.959805893046938,0.04019410695306021
2009-06-01,5.695177808961502e-26,0.9932285559487775,0.006771444051220702,5.695177808961502e-26,0.9932285559487775,0.006771444051220702
2009-07-01,3.126569667603258e-09,0.9990745336802453,0.0009254631931831498,3.126569667603258e-09,0.9990745336802453,0.0009254631931831498
2009-08-01,6.788870624505716e-10,0.999813809543653,0.00018618977745838306,6.788870624505716e-10,0.999813809543653,0.00018618977745838306
2009-09-01,1.80829302545437e-08,0.9999840713735942,1.5910543474145937e-05,1.80829302545437e-08,0.9999840713735942,1.5910543474145937e-05
2009-10-01,0.8581299723862582,0.14185654475111573,1.3482862624454842e-05,0.8581299723862582,0.14185654475111573,1.3482862624454842e-05
2009-11-01,0.937802151868406,0.0621611459977618,3.670213383087153e-05,0.937802151868406,0.0621611459977618,3.670213383087153e-05
2009-12-01,0.8538167324101262,0.1459743037785395,0.00020896381133303103,0.8538167324101262,0.1459743037785395,0.00020896381133303103
2010-01-01,8.240418380555716e-06,0.9991076553520555,0.0008841042295627816,8.240418380555716e-06,0.9991076553520555,0.0008841042295627816
2010-02-01,3.336058052329888e-07,0.9998252994972578,0.00017436689693586213,3.336058052329888e-07,0.9998252994972578,0.00017436689693586213
2010-03-01,4.772555643650642e-06,0.9999553363267573,3.989111759792577e-05,4.772555643650642e-06,0.9999553363267573,3.989111759792577e-05
2010-04-01,0.6271444699608328,0.37282011355511036,3.541648405579889e-05,0.6271444699608328,0.37282011355511036,3.541648405579889e-05
2010-05-01,0.7614294043971339,0.23851217222491372,5.842337795148104e-05,0.7614294043971339,0.23851217222491372,5.842337795148104e-05
2010-06-01,0.6919776523323421,0.30783313215136954,0.00018921551628746613,0.6919776523323421,0.30783313215136954,0.00018921551628746613
2010-07-01,0.1680772482935354,0.8311893666132376,0.0007333850932260317,0.1680772482935354,0.8311893666132376,0.0007333850932260317
2010-08-01,0.04114568727835034,0.9584860972078932,0.00036821551375549417,0.04114568727835034,0.9584860972078932,0.00036821551375549417
2010-09-01,0.012244867487810198,0.9875564854697678,0.0001986470424212644,0.012244867487810198,0.9875564854697678,0.0001986470424212644
2010-10-01,4.21796316838617e-06,0.9998665364660339,0.00012924557079682398,4.21796316838617e-06,0.9998665364660339,0.00012924557079682398
2010-11-01,1.0427056709200716e-06,0.9998899133388955,0.00010904395543266925,1.0427056709200716e-06,0.9998899133388955,0.00010904395543266925
2010-12-01,3.2841604755160782e-06,0.9998780047888138,0.00011871105070955031,3.2841604755160782e-06,0.9998780047888138,0.00011871105070955031
2011-01-01,2.5209162739946595e-25,0.9997928622394872,0.00020713776051179352,2.5209162739946595e-25,0.9997928622394872,0.00020713776051179352
2011-02-01,5.118854222465196e-25,0.9997758353632649,0.0002241646367338874,5.118854222465196e-25,0.9997758353632649,0.0002241646367338874
2011-03-01,1.737524645672161e-25,0.9998004913181324,0.00019950868186627347,1.737524645672161e-25,0.9998004913181324,0.00019950868186627347
2011-04-01,0.0006175307733927789,0.9992532242192438,0.0001292450073623234,0.0006175307733927789,0.9992532242192438,0.0001292450073623234
2011-05-01,0.0009857786164296136,0.9988978959011265,0.00011632548244285188,0.0009857786164296136,0.9988978959011265,0.00011632548244285188
2011-06-01,0.0012621593352351043,0.9986261710023145,0.00011166966244914681,0.0012621593352351043,0.9986261710023145,0.00011166966244914681
2011-07-01,3.1732040881161284e-18,0.999858032109099,0.00014196789090000324,3.1732040881161284e-18,0.999858032109099,0.00014196789090000324
2011-08-01,2.3400097687624744e-18,0.9998723706560899,0.0001276293439091423,2.3400097687624744e-18,0.9998723706560899,0.0001276293439091423
2011-09-01,1.2699954987057605e-16,0.9999700025520158,2.9997447982997833e-05,1.2699954987057605e-16,0.9999700025520158,2.9997447982997833e-05
2011-10-01,0.777913983831386,0.22207328900142,1.2727167192910516e-05,0.777913983831386,0.22207328900142,1.2727167192910516e-05
2011-11-01,0.9301121827052827,0.06987469592035067,1.3121374365490216e-05,0.9301121827052827,0.06987469592035067,1.3121374365490216e-05
2011-12-01,0.9521033692544353,0.047869923772844825,2.670697271874208e-05,0.9521033692544353,0.047869923772844825,2.670697271874208e-05
2012-01-01,0.9266632803651133,0.07328529334407326,5.142629081244409e-05,0.9266632803651133,0.07328529334407326,5.142629081244409e-05
2012-02-01,0.8508501070379637,0.1490268875781467,0.00012300538388850427,0.8508501070379637,0.1490268875781467,0.00012300538388850427
2012-03-01,0.636726829643408,0.3629579615232937,0.00031520883329711966,0.636726829643408,0.3629579615232937,0.00031520883329711966
2012-04-01,0.00024503392773458324,0.9990223131251753,0.0007326529470887915,0.00024503392773458324,0.9990223131251753,0.0007326529470887915
2012-05-01,2.0037417979058914e-05,0.999803843050454,0.00017611953156554535,2.0037417979058914e-05,0.999803843050454,0.00017611953156554535
2012-06-01,1.5140011324172239e-05,0.9998737171342396,0.00011114285443497639,1.5140011324172239e-05,0.9998737171342396,0.00011114285443497639
2012-07-01,2.2764251029585684e-11,0.9998758820502014,0.00012411792703318161,2.2764251029585684e-11,0.9998758820502014,0.00012411792703318161
2012-08-01,4.777839233836488e-12,0.9998838219873876,0.00011617800783370608,4.777839233836488e-12,0.9998838219873876,0.00011617800783370608
2012-09-01,2.667999523905945e-11,0.999878708778602,0.00012129119471717995,2.667999523905945e-11,0.999878708778602,0.00012129119471717995
2012-10-01,1.4774785740693484e-11,0.9998694450052769,0.00013055497994768196,1.4774785740693484e-11,0.9998694450052769,0.00013055497994768196
2012-11-01,1.0908762100643493e-10,0.9998741638122303,0.00012583607868141554,1.0908762100643493e-10,0.9998741638122303,0.00012583607868141554
2012-12-01,7.932356890007519e-10,0.9999579228755647,4.2076331198950327e-05,7.932356890007519e-10,0.9999579228755647,4.2076331198950327e-05
2013-01-01,0.6850863158681572,0.31488196595304446,3.171817879756156e-05,0.6850863158681572,0.31488196595304446,3.171817879756156e-05
2013-02-01,0.7738564566021692,0.22607522885403775,6.831454379244975e-05,0.7738564566021692,0.22607522885403775,6.831454379244975e-05
2013-03-01,0.625167586419599,0.3745949719558161,0.00023744162458422705,0.625167586419599,0.3745949719558161,0.00023744162458422705
2013-04-01,5.146848462868271e-06,0.9991974668441548,0.000797386307381415,5.146848462868271e-06,0.9991974668441548,0.000797386307381415
2013-05-01,1.3033523029162224e-07,0.9998070262808607,0.00019284338390819714,1.3033523029162224e-07,0.9998070262808607,0.00019284338390819714
2013-06-01,2.5756849268590205e-06,0.999972629200869,2.479511420318375e-05,2.5756849268590205e-06,0.999972629200869,2.479511420318375e-05
2013-07-01,0.783358329814806,0.21663638668547924,5.28349971392117e-06,0.783358329814806,0.21663638668547924,5.28349971392117e-06
2013-08-01,0.9468970937171246,0.05310012741070943,2.7788721652344633e-06,0.9468970937171246,0.05310012741070943,2.7788721652344633e-06
2013-09-01,0.9794020352173158,0.020594298627851376,3.666154832026496e-06,0.9794020352173158,0.020594298627851376,3.666154832026496e-06
2013-10-01,0.9794689500417559,0.02052012526046264,1.092469778048332e-05,0.9794689500417559,0.02052012526046264,1.092469778048332e-05
2013-11-01,0.9472655092886931,0.05268467182529308,4.981888601291196e-05,0.9472655092886931,0.05268467182529308,4.981888601291196e-05
2013-12-01,0.7845949754668148,0.2150655001667405,0.00033952436644382446,0.7845949754668148,0.2150655001667405,0.00033952436644382446
2014-01-01,1.3359421266836489e-20,0.9950262741843621,0.004973725815637022,1.3359421266836489e-20,0.9950262741843621,0.004973725815637022
2014-02-01,4.101615933979988e-22,0.9972747732954977,0.002725226704501397,4.101615933979988e-22,0.9972747732954977,0.002725226704501397
2014-03-01,2.4656365022504343e-22,0.9985473164825415,0.0014526835174575737,2.4656365022504343e-22,0.9985473164825415,0.0014526835174575737
2014-04-01,4.2095489613621886e-05,0.9993574953135335,0.0006004091968518964,4.2095489613621886e-05,0.9993574953135335,0.0006004091968518964
2014-05-01,5.6274521230318025e-05,0.9995726358954893,0.0003710895832795241,5.6274521230318025e-05,0.9995726358954893,0.0003710895832795241
2014-06-01,2.8210930356728054e-05,0.9996839866909789,0.0002878023786633651,2.8210930356728054e-05,0.9996839866909789,0.0002878023786633651
2014-07-01,0.00032125911388273745,0.9994473736199694,0.00023136726614686785,0.00032125911388273745,0.9994473736199694,0.00023136726614686785
2014-08-01,0.0001959787786958993,0.9996002352824435,0.00020378593885962476,0.0001959787786958993,0.9996002352824435,0.00020378593885962476
2014-09-01,0.0003502978905017301,0.9994763653528828,0.00017333675661440563,0.0003502978905017301,0.9994763653528828,0.00017333675661440563
2014-10-01,0.04455874383277443,0.9553425594199775,9.869674724720804e-05,0.04455874383277443,0.9553425594199775,9.869674724720804e-05
2014-11-01,0.1272523327565467,0.8726731219974169,7.454524603545529e-05,0.1272523327565467,0.8726731219974169,7.454524603545529e-05
2014-12-01,0.3185182241349968,0.6814391202612943,4.26556037080634e-05,0.3185182241349968,0.6814391202612943,4.26556037080634e-05
2015-01-01,0.6174392904843258,0.38254023560387673,2.0473911796684378e-05,0.6174392904843258,0.38254023560387673,2.0473911796684378e-05
2015-02-01,0.7974393586483216,0.20253963555244156,2.1005799235980227e-05,0.7974393586483216,0.20253963555244156,2.1005799235980227e-05
2015-03-01,0.8501607542793893,0.1498069437859644,3.2301934645629664e-05,0.8501607542793893,0.1498069437859644,3.2301934645629664e-05
2015-04-01,0.8370860875237348,0.16285469871849595,5.9213757768684434e-05,0.8370860875237348,0.16285469871849595,5.9213757768684434e-05
2015-05-01,0.7415268155229165,0.2583439303442297,0.00012925413285327616,0.7415268155229165,0.2583439303442297,0.00012925413285327616
2015-06-01,0.5527632065631068,0.44698779608719913,0.00024899734969356267,0.5527632065631068,0.44698779608719913,0.00024899734969356267
2015-07-01,0.06212442491853425,0.9372035578777906,0.0006720172036745641,0.06212442491853425,0.9372035578777906,0.0006720172036745641
2015-08-01,0.014486900303534507,0.9852448431654983,0.000268256530966673,0.014486900303534507,0.9852448431654983,0.000268256530966673
2015-09-01,0.008782489883724898,0.9910440111934746,0.000173498922800043,0.008782489883724898,0.9910440111934746,0.000173498922800043
2015-10-01,1.0938315237796766e-05,0.9997974417899687,0.0001916198947930835,1.0938315237796766e-05,0.9997974417899687,0.0001916198947930835
2015-11-01,5.628809528848686e-06,0.9998243958268208,0.0001699753636499949,5.628809528848686e-06,0.9998243958268208,0.0001699753636499949
2015-12-01,0.00018457616054460164,0.9996925366373641,0.0001228872020908373,0.00018457616054460164,0.9996925366373641,0.0001228872020908373
2016-01-01,0.3037450537458873,0.6961854399902244,6.950626388797528e-05,0.3037450537458873,0.6961854399902244,6.950626388797528e-05
2016-02-01,0.366092238750574,0.633807095755459,0.00010066549396664385,0.366092238750574,0.633807095755459,0.00010066549396664385
2016-03-01,0.2640452272703759,0.7357556815072666,0.00019909122235719254,0.2640452272703759,0.7357556815072666,0.00019909122235719254
2016-04-01,0.004172779617302427,0.9954170176946037,0.00041020268809379107,0.004172779617302427,0.9954170176946037,0.00041020268809379107
2016-05-01,0.0017773231295072991,0.9980681828325051,0.00015449403798739207,0.0017773231295072991,0.9980681828325051,0.00015449403798739207
2016-06-01,0.020658235212075427,0.9793121134836519,2.9651304272197395e-05,0.020658235212075427,0.9793121134836519,2.9651304272197395e-05
2016-07-01,0.7501639456824832,0.24982952879868373,6.525518832596739e-06,0.7501639456824832,0.24982952879868373,6.525518832596739e-06
2016-08-01,0.9257641487893735,0.07423146310346256,4.3881071635155434e-06,0.9257641487893735,0.07423146310346256,4.3881071635155434e-06
2016-09-01,0.9623662981108337,0.037626043655042685,7.6582341235214e-06,0.9623662981108337,0.037626043655042685,7.6582341235214e-06
2016-10-01,0.9508151048338775,0.0491681776298345,1.6717536287903035e-05,0.9508151048338775,0.0491681776298345,1.6717536287903035e-05
2016-11-01,0.9478746372397224,0.0521061905400736,1.9172220203865276e-05,0.9478746372397224,0.0521061905400736,1.9172220203865276e-05
2016-12-01,0.933294537964229,0.06667818501038218,2.727702538879452e-05,0.933294537964229,0.06667818501038218,2.727702538879452e-05
2017-01-01,0.9056130340148406,0.0943573934468658,2.957253829340636e-05,0.9056130340148406,0.0943573934468658,2.957253829340636e-05
2017-02-01,0.9207247004076564,0.07926020913933605,1.5090453007072383e-05,0.9207247004076564,0.07926020913933605,1.5090453007072383e-05
2017-03-01,0.9501160369712445,0.04987674983030389,7.213198450951973e-06,0.9501160369712445,0.04987674983030389,7.213198450951973e-06
2017-04-01,0.9732921119627234,0.026703352947519618,4.535089756369507e-06,0.9732921119627234,0.026703352947519618,4.535089756369507e-06
2017-05-01,0.9785423755248359,0.021450699560405094,6.924914758076538e-06,0.9785423755248359,0.021450699560405094,6.924914758076538e-06
2017-06-01,0.9693452391991373,0.030638325138129,1.643566273274828e-05,0.9693452391991373,0.030638325138129,1.643566273274828e-05
2017-07-01,0.9293942186754464,0.07056157498691752,4.420633763525578e-05,0.9293942186754464,0.07056157498691752,4.420633763525578e-05
2017-08-01,0.8559225109330484,0.14398859629781524,8.889276913526636e-05,0.8559225109330484,0.14398859629781524,8.889276913526636e-05
2017-09-01,0.6371884432984084,0.3625673134178217,0.00024424328376872477,0.6371884432984084,0.3625673134178217,0.00024424328376872477
2017-10-01,0.0009272580539615336,0.9981738181740498,0.0008989237719874038,0.0009272580539615336,0.9981738181740498,0.0008989237719874038
2017-11-01,5.316715445333618e-05,0.9997109338155785,0.00023589902996702856,5.316715445333618e-05,0.9997109338155785,0.00023589902996702856
2017-12-01,0.0006483088806737609,0.9992743614912042,7.73296281208679e-05,0.0006483088806737609,0.9992743614912042,7.73296281208679e-05
2018-01-01,0.4269924279321849,0.572977674657925,2.989740988891263e-05,0.4269924279321849,0.572977674657925,2.989740988891263e-05
2018-02-01,0.6607171707606433,0.3392606168219102,2.2212417445308796e-05,0.6607171707606433,0.3392606168219102,2.2212417445308796e-05
2018-03-01,0.7940537712401049,0.20593394036870244,1.2288391191737677e-05,0.7940537712401049,0.20593394036870244,1.2288391191737677e-05
2018-04-01,0.9175572806113491,0.08243705548599779,5.663902652442734e-06,0.9175572806113491,0.08243705548599779,5.663902652442734e-06
2018-05-01,0.9628631875623884,0.037132066770847606,4.745666763113441e-06,0.9628631875623884,0.037132066770847606,4.745666763113441e-06
2018-06-01,0.9746978003600616,0.025296122579795664,6.077060141692068e-06,0.9746978003600616,0.025296122579795664,6.077060141692068e-06
2018-07-01,0.9748065602763788,0.0251815380722639,1.1901651356283986e-05,0.9748065602763788,0.0251815380722639,1.1901651356283986e-05
2018-08-01,0.9384527331765988,0.06150158556995847,4.568125344193417e-05,0.9384527331765988,0.06150158556995847,4.568125344193417e-05
2018-09-01,0.7681103929238904,0.23167444595773182,0.00021516111837682116,0.7681103929238904,0.23167444595773182,0.00021516111837682116
2018-10-01,0.0026687785141929895,0.9957463851998388,0.0015848362859672072,0.0026687785141929895,0.9957463851998388,0.0015848362859672072
2018-11-01,0.0001910818184685616,0.9993018017388835,0.0005071164426469543,0.0001910818184685616,0.9993018017388835,0.0005071164426469543
2018-12-01,0.002624665422650485,0.9972884354720732,8.689910527516988e-05,0.002624665422650485,0.9972884354720732,8.689910527516988e-05
2019-01-01,0.6786851732499735,0.3212931945539069,2.163219611892264e-05,0.6786851732499735,0.3212931945539069,2.163219611892264e-05
2019-02-01,0.8136760662864744,0.1862967346548446,2.7199058680703402e-05,0.8136760662864744,0.1862967346548446,2.7199058680703402e-05
2019-03-01,0.7779085550396017,0.22200954804769407,8.189691270369881e-05,0.7779085550396017,0.22200954804769407,8.189691270369881e-05
2019-04-01,0.47972841514763703,0.5199555489681937,0.00031603588416866487,0.47972841514763703,0.5199555489681937,0.00031603588416866487
2019-05-01,0.22403201066582185,0.7756136143669842,0.0003543749671933485,0.22403201066582185,0.7756136143669842,0.0003543749671933485
2019-06-01,0.08466707819133346,0.9150585929560231,0.00027432885264276456,0.08466707819133346,0.9150585929560231,0.00027432885264276456
2019-07-01,9.093338745937577e-06,0.999736648903797,0.00025425775745680434,9.093338745937577e-06,0.999736648903797,0.00025425775745680434
2019-08-01,1.0001798483183232e-06,0.9998613998563239,0.00013759996382740102,1.0001798483183232e-06,0.9998613998563239,0.00013759996382740102
2019-09-01,2.549757367820032e-05,0.9999150392151077,5.9463211213640846e-05,2.549757367820032e-05,0.9999150392151077,5.9463211213640846e-05
2019-10-01,0.6772572460635171,0.3225971487155956,0.00014560522088694826,0.6772572460635171,0.3225971487155956,0.00014560522088694826
2019-11-01,0.8649436423102829,0.13315976025840956,0.0018965974313071272,0.8649436423102829,0.13315976025840956,0.0018965974313071272
2019-12-01,0.8744998546031579,0.08595790184325276,0.039542243553588916,0.8744998546031579,0.08595790184325276,0.039542243553588916
2020-01-01,6.561067344975165e-52,0.0019812827752774434,0.9980187172247224,6.561067344975165e-52,0.0019812827752774434,0.9980187172247224
2020-02-01,3.2279278690732175e-54,2.5651497745681584e-05,0.9999743485022541,3.2279278690732175e-54,2.5651497745681584e-05,0.9999743485022541
2020-03-01,2.1277882247152253e-58,5.261464720662974e-06,0.9999947385352791,2.1277882247152253e-58,5.261464720662974e-06,0.9999947385352791
2020-04-01,0.0,4.7138304981319646e-36,0.9999999999999998,0.0,4.7138304981319646e-36,0.9999999999999998
2020-05-01,0.0,3.2325819908669555e-36,0.9999999999999997,0.0,3.2325819908669555e-36,0.9999999999999997
2020-06-01,0.0,9.103781224332899e-37,0.9999999999999997,0.0,9.103781224332899e-37,0.9999999999999997
2020-07-01,0.0,2.0534167638638777e-48,0.9999999999999997,0.0,2.0534167638638777e-48,0.9999999999999997
2020-08-01,0.0,6.733295230045647e-47,0.9999999999999997,0.0,6.733295230045647e-47,0.9999999999999997
2020-09-01,0.0,3.832395206939287e-43,0.9999999999999997,0.0,3.832395206939287e-43,0.9999999999999997
2020-10-01,1.9094499562626343e-06,0.7929345673915501,0.2070635231584935,1.9094499562626343e-06,0.7929345673915501,0.2070635231584935
2020-11-01,0.011915196310342694,0.9429911778235274,0.0450936258661298,0.011915196310342694,0.9429911778235274,0.0450936258661298
2020-12-01,0.01652394426217408,0.9715906446488789,0.011885411088946954,0.01652394426217408,0.9715906446488789,0.011885411088946954
2021-01-01,4.900866827683621e-06,0.9950314227349354,0.004963676398236914,4.900866827683621e-06,0.9950314227349354,0.004963676398236914
2021-02-01,2.1359266646668677e-06,0.9973930738978982,0.002604790175437146,2.1359266646668677e-06,0.9973930738978982,0.002604790175437146
2021-03-01,2.2068653844095538e-06,0.9978853612913756,0.0021124318432401146,2.2068653844095538e-06,0.9978853612913756,0.0021124318432401146
2021-04-01,1.0596744929370435e-12,0.9971323643992176,0.002867635599722808,1.0596744929370435e-12,0.9971323643992176,0.002867635599722808
2021-05-01,2.2330868781170677e-13,0.9974934923787101,0.0025065076210667074,2.2330868781170677e-13,0.9974934923787101,0.0025065076210667074
2021-06-01,1.807973082154694e-11,0.9987651704222933,0.0012348295596271396,1.807973082154694e-11,0.9987651704222933,0.0012348295596271396
2021-07-01,0.47717591519089125,0.522657885456412,0.00016619935269691452,0.47717591519089125,0.522657885456412,0.00016619935269691452
2021-08-01,0.5526260202979518,0.4472722628720423,0.00010171683000596705,0.5526260202979518,0.4472722628720423,0.00010171683000596705
2021-09-01,0.43693539910394885,0.5626682710275736,0.0003963298684778949,0.43693539910394885,0.5626682710275736,0.0003963298684778949
2021-10-01,1.3627358757207118e-14,0.9950507828245768,0.004949217175409757,1.3627358757207118e-14,0.9950507828245768,0.004949217175409757
2021-11-01,7.359126243686588e-17,0.9966817166979368,0.003318283302063572,7.359126243686588e-17,0.9966817166979368,0.003318283302063572
2021-12-01,7.127149972390515e-18,0.9978905063469117,0.0021094936530888578,7.127149972390515e-18,0.9978905063469117,0.0021094936530888578
2022-01-01,2.2169852124524839e-13,0.9988045866225118,0.0011954133772668467,2.2169852124524839e-13,0.9988045866225118,0.0011954133772668467
2022-02-01,4.3000328705320106e-13,0.9992696107700669,0.000730389229503602,4.3000328705320106e-13,0.9992696107700669,0.000730389229503602
2022-03-01,1.7672173653993298e-13,0.9996028747226415,0.0003971252771821523,1.7672173653993298e-13,0.9996028747226415,0.0003971252771821523
2022-04-01,7.2904696516784e-05,0.9997156870956191,0.00021140820786451668,7.2904696516784e-05,0.9997156870956191,0.00021140820786451668
2022-05-01,2.715305777291202e-05,0.9998632422555407,0.00010960468668661418,2.715305777291202e-05,0.9998632422555407,0.00010960468668661418
2022-06-01,0.00030430025728126874,0.9996672594801256,2.844026259340883e-05,0.00030430025728126874,0.9996672594801256,2.844026259340883e-05
2022-07-01,0.5998050131121646,0.40018210634176943,1.2880546066102372e-05,0.5998050131121646,0.40018210634176943,1.2880546066102372e-05
2022-08-01,0.8486722487627524,0.1513212911553819,6.460081865897426e-06,0.8486722487627524,0.1513212911553819,6.460081865897426e-06
2022-09-01,0.94164894926664,0.05834763180684655,3.4189265136695308e-06,0.94164894926664,0.05834763180684655,3.4189265136695308e-06
2022-10-01,0.974890197411898,0.025107167592706026,2.634995396175253e-06,0.974890197411898,0.025107167592706026,2.634995396175253e-06
2022-11-01,0.9823500110592288,0.017646661624863575,3.3273159079687525e-06,0.9823500110592288,0.017646661624863575,3.3273159079687525e-06
2022-12-01,0.9828062130910883,0.017189860602601206,3.926306310769985e-06,0.9828062130910883,0.017189860602601206,3.926306310769985e-06
2023-01-01,0.9828574557201196,0.017138906547589705,3.6377322910020785e-06,0.9828574557201196,0.017138906547589705,3.6377322910020785e-06
2023-02-01,0.9812546924455952,0.01874041680003775,4.890754367533131e-06,0.9812546924455952,0.01874041680003775,4.890754367533131e-06
2023-03-01,0.9772757623734779,0.022717650186294847,6.587440227425104e-06,0.9772757623734779,0.022717650186294847,6.587440227425104e-06
2023-04-01,0.9756199271385235,0.02436921370096248,1.0859160514114145e-05,0.9756199271385235,0.02436921370096248,1.0859160514114145e-05
2023-05-01,0.9390022304544341,0.06095239164423862,4.537790132726928e-05,0.9390022304544341,0.06095239164423862,4.537790132726928e-05
2023-06-01,0.7678499933397559,0.23195420298046507,0.0001958036797789276,0.7678499933397559,0.23195420298046507,0.0001958036797789276
2023-07-01,7.692566668338641e-05,0.9989079649901725,0.001015109343143926,7.692566668338641e-05,0.9989079649901725,0.001015109343143926
2023-08-01,9.400733182728696e-06,0.9997338687471374,0.0002567305196797741,9.400733182728696e-06,0.9997338687471374,0.0002567305196797741
2023-09-01,2.7150916781158034e-05,0.9998360291139916,0.00013681996922717648,2.7150916781158034e-05,0.9998360291139916,0.00013681996922717648
2023-10-01,0.04048868916987091,0.9594142735158948,9.70373142339835e-05,0.04048868916987091,0.9594142735158948,9.70373142339835e-05
2023-11-01,0.04939733271854117,0.950494316241636,0.00010835103982256951,0.04939733271854117,0.950494316241636,0.00010835103982256951
2023-12-01,0.04079067626571026,0.9590813780915057,0.0001279456427838215,0.04079067626571026,0.9590813780915057,0.0001279456427838215
2024-01-01,0.0009130992111875926,0.9988652816140914,0.00022161917472104866,0.0009130992111875926,0.9988652816140914,0.00022161917472104866
2024-02-01,0.0001939395939808001,0.9996351528495498,0.00017090755646937054,0.0001939395939808001,0.9996351528495498,0.00017090755646937054
2024-03-01,0.0005163000409257068,0.9993337616068585,0.00014993835221597946,0.0005163000409257068,0.9993337616068585,0.00014993835221597946
2024-04-01,0.0363797223025029,0.9635268766167709,9.340108072620759e-05,0.0363797223025029,0.9635268766167709,9.340108072620759e-05
2024-05-01,0.08154094724902113,0.9183732854074295,8.576734354955779e-05,0.08154094724902113,0.9183732854074295,8.576734354955779e-05
2024-06-01,0.1879223304957754,0.8120151539464489,6.251555777571743e-05,0.1879223304957754,0.8120151539464489,6.251555777571743e-05
2024-07-01,0.4303133534054449,0.569639136949723,4.750964483197355e-05,0.4303133534054449,0.569639136949723,4.750964483197355e-05
2024-08-01,0.5504696716601661,0.44947492881507484,5.539952475889565e-05,0.5504696716601661,0.44947492881507484,5.539952475889565e-05
2024-09-01,0.5852014283411521,0.4147213069622769,7.726469657113737e-05,0.5852014283411521,0.4147213069622769,7.726469657113737e-05
2024-10-01,0.5560667574031368,0.4438048508692787,0.00012839172758450154,0.5560667574031368,0.4438048508692787,0.00012839172758450154
2024-11-01,0.45385742893451914,0.5459362460631417,0.00020632500233929953,0.45385742893451914,0.5459362460631417,0.00020632500233929953
2024-12-01,0.28295853268620996,0.7166596399554159,0.0003818273583739787,0.28295853268620996,0.7166596399554159,0.0003818273583739787
2025-01-01,1.2631914445861733e-09,0.9984341260488545,0.0015658726879540729,1.2631914445861733e-09,0.9984341260488545,0.0015658726879540729
2025-02-01,1.574848128029856e-10,0.9989931422401409,0.001006857602374325,1.574848128029856e-10,0.9989931422401409,0.001006857602374325
2025-03-01,3.674071940052066e-10,0.999315792642983,0.0006842069896099434,3.674071940052066e-10,0.999315792642983,0.0006842069896099434
2025-04-01,0.008493302559531834,0.9913277429078964,0.00017895453257171752,0.008493302559531834,0.9913277429078964,0.00017895453257171752
2025-05-01,0.009764306951150803,0.9901161689899142,0.00011952405893513389,0.009764306951150803,0.9901161689899142,0.00011952405893513389
2025-06-01,0.01317689062249999,0.986706736569393,0.00011637280810705793,0.01317689062249999,0.986706736569393,0.00011637280810705793
2025-07-01,0.02234776459656897,0.9774753657499284,0.00017686965350268934,0.02234776459656897,0.9774753657499284,0.00017686965350268934
2025-08-01,0.05452011654392819,0.9448286442028272,0.0006512392532446591,0.05452011654392819,0.9448286442028272,0.0006512392532446591
